# x,y,hub_height,rotor_diameter,turbine_type
5.000000000000000000e+02,0.000000000000000000e+00,0.800000000000000000e+02,0.700000000000000000e+02,1.000000000000000000e+00
0.000000000000000000e+00,-1.000000000000000000e+03,1.000000000000000000e+02,1.200000000000000000e+02,2.000000000000000000e+00
0.000000000000000000e+00,-5.000000000000000000e+02,0.800000000000000000e+02,0.700000000000000000e+02,1.000000000000000000e+00
0.000000000000000000e+00,0.000000000000000000e+00,1.000000000000000000e+02,1.200000000000000000e+02,2.000000000000000000e+00
0.000000000000000000e+00,5.000000000000000000e+02,0.800000000000000000e+02,0.700000000000000000e+02,1.000000000000000000e+00
0.000000000000000000e+00,1.000000000000000000e+03,1.000000000000000000e+02,1.200000000000000000e+02,2.000000000000000000e+00
-5.000000000000000000e+02,0.000000000000000000e+00,1.000000000000000000e+02,1.200000000000000000e+02,2.000000000000000000e+00
